candidate_id,poet,title,dynasty,claim_type,value_json,evidence_excerpt,source_key,source_name,source_url,citation,source_locator,source_grade,access_level,license_note,match_score,confidence,extraction_method,model_id,prompt_version,status,reviewer,review_note,reviewed_at
446e803e5913a1ba4fadcc5bd9de285c060e9c57eed16cfd57d1268b55c7741a,李白,渡荆门送别,唐,composition_date,"{""precision"":""range"",""year_end"":725,""year_start"":724}",API将作品系于荆门山；两种研究意见分别系于724与725年，坐标采用宜昌市展示点。,legacy:9261d6778a4cbca12de2,古籍文献知识图谱开放API（据《李太白年谱补正》与《李太白全集校注》）,https://open.cnkgraph.com/api/Writing/25787,古籍文献知识图谱开放API（据《李太白年谱补正》与《李太白全集校注》）,https://open.cnkgraph.com/api/Writing/25787,C,public_web,历史审核记录迁移；仅保留短引与题录,0.95,0.617,legacy_review_migration_v1,,,approved,legacy_import,Migrated from verified_poem_contexts.csv,2026-07-14T02:12:34+00:00
e29c597e54a8afc2ed3e49360c7541cf9f3e8f878350ed4b387b932603813233,李白,渡荆门送别,唐,composition_place,"{""historical_place"":""荆门山"",""lat"":30.6919,""lon"":111.2865,""modern_place"":""宜昌市"",""province"":""湖北省""}",API将作品系于荆门山；两种研究意见分别系于724与725年，坐标采用宜昌市展示点。,legacy:9261d6778a4cbca12de2,古籍文献知识图谱开放API（据《李太白年谱补正》与《李太白全集校注》）,https://open.cnkgraph.com/api/Writing/25787,古籍文献知识图谱开放API（据《李太白年谱补正》与《李太白全集校注》）,https://open.cnkgraph.com/api/Writing/25787,C,public_web,历史审核记录迁移；仅保留短引与题录,0.95,0.617,legacy_review_migration_v1,,,approved,legacy_import,Migrated from verified_poem_contexts.csv,2026-07-14T02:12:34+00:00
a5a1c0a59c292231e1cfd57727ced2f75e00afa8f828ab8b608288deaf040202,李白,望庐山瀑布,唐,composition_date,"{""precision"":""year"",""year_end"":725,""year_start"":725}",API年谱条目标注725年登庐山作《望庐山瀑布二首》；当前语料收录其代表篇。,legacy:cfa0f4606b8d928464b5,古籍文献知识图谱开放API（据郁贤皓《李太白全集校注》）,https://open.cnkgraph.com/api/Writing/26355,古籍文献知识图谱开放API（据郁贤皓《李太白全集校注》）,https://open.cnkgraph.com/api/Writing/26355,B,public_web,历史审核记录迁移；仅保留短引与题录,0.95,0.807,legacy_review_migration_v1,,,approved,legacy_import,Migrated from verified_poem_contexts.csv,2026-07-14T02:12:34+00:00
440b7c923aeefbf20ff2efc42a992f4b5e42877fef6e60a25f91a703744f0dcc,李白,望庐山瀑布,唐,composition_place,"{""historical_place"":""庐山"",""lat"":29.560618,""lon"":115.989402,""modern_place"":""九江市"",""province"":""江西省""}",API年谱条目标注725年登庐山作《望庐山瀑布二首》；当前语料收录其代表篇。,legacy:cfa0f4606b8d928464b5,古籍文献知识图谱开放API（据郁贤皓《李太白全集校注》）,https://open.cnkgraph.com/api/Writing/26355,古籍文献知识图谱开放API（据郁贤皓《李太白全集校注》）,https://open.cnkgraph.com/api/Writing/26355,B,public_web,历史审核记录迁移；仅保留短引与题录,0.95,0.807,legacy_review_migration_v1,,,approved,legacy_import,Migrated from verified_poem_contexts.csv,2026-07-14T02:12:34+00:00
341312ee3526d2b2210ad40b7ce344905e05535baa19440e9f9120b055c3ce32,李白,黄鹤楼送孟浩然之广陵,唐,composition_date,"{""precision"":""year"",""year_end"":728,""year_start"":728}",API年谱条目标注728年在江夏遇孟浩然并作诗；另有开元十五年说，故降为B级。,legacy:5cf6fed816b7cd51aa9f,古籍文献知识图谱开放API（据郁贤皓《李太白全集校注》）,https://open.cnkgraph.com/api/Writing/25660,古籍文献知识图谱开放API（据郁贤皓《李太白全集校注》）,https://open.cnkgraph.com/api/Writing/25660,B,public_web,历史审核记录迁移；仅保留短引与题录,0.95,0.807,legacy_review_migration_v1,,,approved,legacy_import,Migrated from verified_poem_contexts.csv,2026-07-14T02:12:34+00:00
b9e8dbe009bfe375f810ca4f3af7da7ee68aa0dbc74994deb8f0fc384e15a64a,李白,黄鹤楼送孟浩然之广陵,唐,composition_place,"{""historical_place"":""江夏黄鹤楼"",""lat"":30.550232,""lon"":114.309053,""modern_place"":""武汉市"",""province"":""湖北省""}",API年谱条目标注728年在江夏遇孟浩然并作诗；另有开元十五年说，故降为B级。,legacy:5cf6fed816b7cd51aa9f,古籍文献知识图谱开放API（据郁贤皓《李太白全集校注》）,https://open.cnkgraph.com/api/Writing/25660,古籍文献知识图谱开放API（据郁贤皓《李太白全集校注》）,https://open.cnkgraph.com/api/Writing/25660,B,public_web,历史审核记录迁移；仅保留短引与题录,0.95,0.807,legacy_review_migration_v1,,,approved,legacy_import,Migrated from verified_poem_contexts.csv,2026-07-14T02:12:34+00:00
2bc2027eebee11249f06dd573aa7509a40c98de9bbbac16c030463a094b02aba,李白,登金陵凤凰台,唐,composition_date,"{""precision"":""year"",""year_end"":747,""year_start"":747}",API年谱条目标注747年在金陵登凤凰台作诗；作品编年存在研究空间，按B级使用。,legacy:e22080ce3278c3aefee3,古籍文献知识图谱开放API（据《李太白年谱补正》）,https://open.cnkgraph.com/api/Writing/25793,古籍文献知识图谱开放API（据《李太白年谱补正》）,https://open.cnkgraph.com/api/Writing/25793,B,public_web,历史审核记录迁移；仅保留短引与题录,0.95,0.807,legacy_review_migration_v1,,,approved,legacy_import,Migrated from verified_poem_contexts.csv,2026-07-14T02:12:34+00:00
f834cdac4fa5b003f8c8f90410b2b1455e4bbd4a13697e382312f702b8d1260e,李白,登金陵凤凰台,唐,composition_place,"{""historical_place"":""金陵凤凰台"",""lat"":32.064735,""lon"":118.802891,""modern_place"":""南京市"",""province"":""江苏省""}",API年谱条目标注747年在金陵登凤凰台作诗；作品编年存在研究空间，按B级使用。,legacy:e22080ce3278c3aefee3,古籍文献知识图谱开放API（据《李太白年谱补正》）,https://open.cnkgraph.com/api/Writing/25793,古籍文献知识图谱开放API（据《李太白年谱补正》）,https://open.cnkgraph.com/api/Writing/25793,B,public_web,历史审核记录迁移；仅保留短引与题录,0.95,0.807,legacy_review_migration_v1,,,approved,legacy_import,Migrated from verified_poem_contexts.csv,2026-07-14T02:12:34+00:00
ea60116ffa3ada0c5050285163bd4deedfd9ee9fda070d97927498968bf626d8,李白,早发白帝城,唐,composition_date,"{""precision"":""year"",""year_end"":759,""year_start"":759}",API年谱条目标注759年三月流放途中遇赦后自白帝城返江陵。,legacy:65039d126536321e80a2,古籍文献知识图谱开放API（据《李太白年谱补正》）,https://open.cnkgraph.com/api/Writing/25562,古籍文献知识图谱开放API（据《李太白年谱补正》）,https://open.cnkgraph.com/api/Writing/25562,B,public_web,历史审核记录迁移；仅保留短引与题录,0.95,0.807,legacy_review_migration_v1,,,approved,legacy_import,Migrated from verified_poem_contexts.csv,2026-07-14T02:12:34+00:00
855578b3c591af0eab4cedc5a5b28a15804e6cec28ded0532aa63db9d9276bb1,李白,早发白帝城,唐,composition_place,"{""historical_place"":""夔州白帝城"",""lat"":31.050156,""lon"":109.580403,""modern_place"":""重庆市奉节县"",""province"":""重庆市""}",API年谱条目标注759年三月流放途中遇赦后自白帝城返江陵。,legacy:65039d126536321e80a2,古籍文献知识图谱开放API（据《李太白年谱补正》）,https://open.cnkgraph.com/api/Writing/25562,古籍文献知识图谱开放API（据《李太白年谱补正》）,https://open.cnkgraph.com/api/Writing/25562,B,public_web,历史审核记录迁移；仅保留短引与题录,0.95,0.807,legacy_review_migration_v1,,,approved,legacy_import,Migrated from verified_poem_contexts.csv,2026-07-14T02:12:34+00:00
f2809800440c128073e0798397e217ae09b7da9a6bd447c07bcd22499e407cb1,杜甫,春望,唐,composition_date,"{""precision"":""year"",""year_end"":757,""year_start"":757}",API年谱条目标注757年春陷于长安时感时而作。,legacy:8891a14ca9224096de46,古籍文献知识图谱开放API（据人民文学出版社《杜甫全集校注》）,https://open.cnkgraph.com/api/Writing/30932,古籍文献知识图谱开放API（据人民文学出版社《杜甫全集校注》）,https://open.cnkgraph.com/api/Writing/30932,B,public_web,历史审核记录迁移；仅保留短引与题录,0.95,0.807,legacy_review_migration_v1,,,approved,legacy_import,Migrated from verified_poem_contexts.csv,2026-07-14T02:12:34+00:00
73ce98d37db72a136f2fee2286b5c3330c5fa25e3003714e2db12bec9993d1f8,杜甫,春望,唐,composition_place,"{""historical_place"":""长安"",""lat"":34.347436,""lon"":108.946306,""modern_place"":""西安市"",""province"":""陕西省""}",API年谱条目标注757年春陷于长安时感时而作。,legacy:8891a14ca9224096de46,古籍文献知识图谱开放API（据人民文学出版社《杜甫全集校注》）,https://open.cnkgraph.com/api/Writing/30932,古籍文献知识图谱开放API（据人民文学出版社《杜甫全集校注》）,https://open.cnkgraph.com/api/Writing/30932,B,public_web,历史审核记录迁移；仅保留短引与题录,0.95,0.807,legacy_review_migration_v1,,,approved,legacy_import,Migrated from verified_poem_contexts.csv,2026-07-14T02:12:34+00:00
60524f57b75ae974299590a8ad4b3e1349591987c05b6025f50ebd566a01dc87,杜甫,石壕吏,唐,composition_date,"{""precision"":""year"",""year_end"":759,""year_start"":759}",API年谱条目标注759年春自洛阳返华州途中经石壕作诗。,legacy:950a8ac6216ef10c9335,古籍文献知识图谱开放API（据人民文学出版社《杜甫全集校注》）,https://open.cnkgraph.com/api/Writing/31491,古籍文献知识图谱开放API（据人民文学出版社《杜甫全集校注》）,https://open.cnkgraph.com/api/Writing/31491,B,public_web,历史审核记录迁移；仅保留短引与题录,0.95,0.807,legacy_review_migration_v1,,,approved,legacy_import,Migrated from verified_poem_contexts.csv,2026-07-14T02:12:34+00:00
ab176292abaa52eb782810fa9e7ca9d0c78d4abae6eba111449d29d0860ef81a,杜甫,石壕吏,唐,composition_place,"{""historical_place"":""陕州石壕镇"",""lat"":34.72676,""lon"":111.109829,""modern_place"":""三门峡市"",""province"":""河南省""}",API年谱条目标注759年春自洛阳返华州途中经石壕作诗。,legacy:950a8ac6216ef10c9335,古籍文献知识图谱开放API（据人民文学出版社《杜甫全集校注》）,https://open.cnkgraph.com/api/Writing/31491,古籍文献知识图谱开放API（据人民文学出版社《杜甫全集校注》）,https://open.cnkgraph.com/api/Writing/31491,B,public_web,历史审核记录迁移；仅保留短引与题录,0.95,0.807,legacy_review_migration_v1,,,approved,legacy_import,Migrated from verified_poem_contexts.csv,2026-07-14T02:12:34+00:00
cc9ed5535f60260139f4d6cba69a3b82108b4af3eb57fd58db08ceb7c1b330fc,杜甫,蜀相,唐,composition_date,"{""precision"":""year"",""year_end"":760,""year_start"":760}",API年谱条目标注760年定居成都草堂后游武侯祠作诗。,legacy:799a1517d45c095ec15b,古籍文献知识图谱开放API（据人民文学出版社《杜甫全集校注》）,https://open.cnkgraph.com/api/Writing/31205,古籍文献知识图谱开放API（据人民文学出版社《杜甫全集校注》）,https://open.cnkgraph.com/api/Writing/31205,B,public_web,历史审核记录迁移；仅保留短引与题录,0.95,0.807,legacy_review_migration_v1,,,approved,legacy_import,Migrated from verified_poem_contexts.csv,2026-07-14T02:12:34+00:00
f5a932b8ad7a43bd8c3cdd35a7be019678d9d27940135c302b3e2552955b7c87,杜甫,蜀相,唐,composition_place,"{""historical_place"":""成都武侯祠"",""lat"":30.576279,""lon"":104.071216,""modern_place"":""成都市"",""province"":""四川省""}",API年谱条目标注760年定居成都草堂后游武侯祠作诗。,legacy:799a1517d45c095ec15b,古籍文献知识图谱开放API（据人民文学出版社《杜甫全集校注》）,https://open.cnkgraph.com/api/Writing/31205,古籍文献知识图谱开放API（据人民文学出版社《杜甫全集校注》）,https://open.cnkgraph.com/api/Writing/31205,B,public_web,历史审核记录迁移；仅保留短引与题录,0.95,0.807,legacy_review_migration_v1,,,approved,legacy_import,Migrated from verified_poem_contexts.csv,2026-07-14T02:12:34+00:00
995846af1552334c42cc714901765aa79382f268efd730c8183165dc11ca4a85,杜甫,茅屋为秋风所破歌,唐,composition_date,"{""precision"":""year"",""year_end"":761,""year_start"":761}",API年谱条目标注761年成都草堂遭秋风破屋后作诗。,legacy:bc50842ea5ac1feda068,古籍文献知识图谱开放API（据人民文学出版社《杜甫全集校注》）,https://open.cnkgraph.com/api/Writing/31620,古籍文献知识图谱开放API（据人民文学出版社《杜甫全集校注》）,https://open.cnkgraph.com/api/Writing/31620,B,public_web,历史审核记录迁移；仅保留短引与题录,0.95,0.807,legacy_review_migration_v1,,,approved,legacy_import,Migrated from verified_poem_contexts.csv,2026-07-14T02:12:34+00:00
e7e60b7733d4c160527234bbccb8aa5f1d41308baa0f8658aeb5d4439b22a488,杜甫,茅屋为秋风所破歌,唐,composition_place,"{""historical_place"":""成都浣花草堂"",""lat"":30.576279,""lon"":104.071216,""modern_place"":""成都市"",""province"":""四川省""}",API年谱条目标注761年成都草堂遭秋风破屋后作诗。,legacy:bc50842ea5ac1feda068,古籍文献知识图谱开放API（据人民文学出版社《杜甫全集校注》）,https://open.cnkgraph.com/api/Writing/31620,古籍文献知识图谱开放API（据人民文学出版社《杜甫全集校注》）,https://open.cnkgraph.com/api/Writing/31620,B,public_web,历史审核记录迁移；仅保留短引与题录,0.95,0.807,legacy_review_migration_v1,,,approved,legacy_import,Migrated from verified_poem_contexts.csv,2026-07-14T02:12:34+00:00
8bcbf70f6704735cc01d9f7ac9e2ebbf1018b034538dd46b1b1d82764dcd3133,杜甫,春夜喜雨,唐,composition_date,"{""precision"":""range"",""year_end"":762,""year_start"":761}",API主系761年并注明另有762年编年意见，因此使用区间并降为B级。,legacy:a4c5e3931149b06c3ee7,古籍文献知识图谱开放API（据人民文学出版社《杜甫全集校注》）,https://open.cnkgraph.com/api/Writing/30930,古籍文献知识图谱开放API（据人民文学出版社《杜甫全集校注》）,https://open.cnkgraph.com/api/Writing/30930,B,public_web,历史审核记录迁移；仅保留短引与题录,0.95,0.807,legacy_review_migration_v1,,,approved,legacy_import,Migrated from verified_poem_contexts.csv,2026-07-14T02:12:34+00:00
69e651c80b03dc4a1ec43ca4cf75842d64c5a7b458846b5dcbda945b9543306b,杜甫,春夜喜雨,唐,composition_place,"{""historical_place"":""成都浣花草堂"",""lat"":30.576279,""lon"":104.071216,""modern_place"":""成都市"",""province"":""四川省""}",API主系761年并注明另有762年编年意见，因此使用区间并降为B级。,legacy:a4c5e3931149b06c3ee7,古籍文献知识图谱开放API（据人民文学出版社《杜甫全集校注》）,https://open.cnkgraph.com/api/Writing/30930,古籍文献知识图谱开放API（据人民文学出版社《杜甫全集校注》）,https://open.cnkgraph.com/api/Writing/30930,B,public_web,历史审核记录迁移；仅保留短引与题录,0.95,0.807,legacy_review_migration_v1,,,approved,legacy_import,Migrated from verified_poem_contexts.csv,2026-07-14T02:12:34+00:00
093182065c376639e351ffdaeb7e7c17e25f35cc134e0c3938e1c53f30a3ff69,杜甫,客至,唐,composition_date,"{""precision"":""range"",""year_end"":764,""year_start"":761}",API作品年代标为761至764年并说明草堂既成后有客来访，保留区间。,legacy:805435fe5a8a300391c6,古籍文献知识图谱开放API（据人民文学出版社《杜甫全集校注》）,https://open.cnkgraph.com/api/Writing/30896,古籍文献知识图谱开放API（据人民文学出版社《杜甫全集校注》）,https://open.cnkgraph.com/api/Writing/30896,B,public_web,历史审核记录迁移；仅保留短引与题录,0.95,0.807,legacy_review_migration_v1,,,approved,legacy_import,Migrated from verified_poem_contexts.csv,2026-07-14T02:12:34+00:00
e4344a74f0aaba2b724a3259f1dc1453f912232c8e8af82db3f6df508fce10e4,杜甫,客至,唐,composition_place,"{""historical_place"":""成都浣花草堂"",""lat"":30.576279,""lon"":104.071216,""modern_place"":""成都市"",""province"":""四川省""}",API作品年代标为761至764年并说明草堂既成后有客来访，保留区间。,legacy:805435fe5a8a300391c6,古籍文献知识图谱开放API（据人民文学出版社《杜甫全集校注》）,https://open.cnkgraph.com/api/Writing/30896,古籍文献知识图谱开放API（据人民文学出版社《杜甫全集校注》）,https://open.cnkgraph.com/api/Writing/30896,B,public_web,历史审核记录迁移；仅保留短引与题录,0.95,0.807,legacy_review_migration_v1,,,approved,legacy_import,Migrated from verified_poem_contexts.csv,2026-07-14T02:12:34+00:00
d46c2b960daa212d5c2f877c9ec641236a9c428e98ad13987b3d16cd8f7c2636,杜甫,闻官军收河南河北,唐,composition_date,"{""precision"":""year"",""year_end"":763,""year_start"":763}",API年谱条目标注763年在梓州闻收复河南河北而作。,legacy:9c2e760becfbbe63c956,古籍文献知识图谱开放API（据人民文学出版社《杜甫全集校注》）,https://open.cnkgraph.com/api/Writing/31013,古籍文献知识图谱开放API（据人民文学出版社《杜甫全集校注》）,https://open.cnkgraph.com/api/Writing/31013,B,public_web,历史审核记录迁移；仅保留短引与题录,0.95,0.807,legacy_review_migration_v1,,,approved,legacy_import,Migrated from verified_poem_contexts.csv,2026-07-14T02:12:34+00:00
b7a324a0d2d4056974b1c1a4bdfaab841c368683809a0f90028599e68e0616fc,杜甫,闻官军收河南河北,唐,composition_place,"{""historical_place"":""梓州"",""lat"":31.101709,""lon"":105.101082,""modern_place"":""绵阳市三台县"",""province"":""四川省""}",API年谱条目标注763年在梓州闻收复河南河北而作。,legacy:9c2e760becfbbe63c956,古籍文献知识图谱开放API（据人民文学出版社《杜甫全集校注》）,https://open.cnkgraph.com/api/Writing/31013,古籍文献知识图谱开放API（据人民文学出版社《杜甫全集校注》）,https://open.cnkgraph.com/api/Writing/31013,B,public_web,历史审核记录迁移；仅保留短引与题录,0.95,0.807,legacy_review_migration_v1,,,approved,legacy_import,Migrated from verified_poem_contexts.csv,2026-07-14T02:12:34+00:00
068574a96b82c179dc0454208af5c0dcc85f6ed36383a315fcd74c637618047c,杜甫,登高,唐,composition_date,"{""precision"":""year"",""year_end"":767,""year_start"":767}",API年谱条目标注767年九月九日在夔州作《登高》。,legacy:29e707dc60c7cf6c67c6,古籍文献知识图谱开放API（据人民文学出版社《杜甫全集校注》）,https://open.cnkgraph.com/api/Writing/31190,古籍文献知识图谱开放API（据人民文学出版社《杜甫全集校注》）,https://open.cnkgraph.com/api/Writing/31190,B,public_web,历史审核记录迁移；仅保留短引与题录,0.95,0.807,legacy_review_migration_v1,,,approved,legacy_import,Migrated from verified_poem_contexts.csv,2026-07-14T02:12:34+00:00
a2988501f2cec2d00183e5bcecb11ed78fd03601e24e301f21c2cc263eb5f2ad,杜甫,登高,唐,composition_place,"{""historical_place"":""夔州"",""lat"":31.024561,""lon"":109.470533,""modern_place"":""重庆市奉节县"",""province"":""重庆市""}",API年谱条目标注767年九月九日在夔州作《登高》。,legacy:29e707dc60c7cf6c67c6,古籍文献知识图谱开放API（据人民文学出版社《杜甫全集校注》）,https://open.cnkgraph.com/api/Writing/31190,古籍文献知识图谱开放API（据人民文学出版社《杜甫全集校注》）,https://open.cnkgraph.com/api/Writing/31190,B,public_web,历史审核记录迁移；仅保留短引与题录,0.95,0.807,legacy_review_migration_v1,,,approved,legacy_import,Migrated from verified_poem_contexts.csv,2026-07-14T02:12:34+00:00
82381f88f68196038d0ab52e7dd685ece3cdcbd9bdeb487fc849c6ad39737c6f,杜甫,登岳阳楼,唐,composition_date,"{""precision"":""year"",""year_end"":768,""year_start"":768}",API年谱条目标注768年登岳阳楼览洞庭而作。,legacy:a928c5bbbc1486003a1f,古籍文献知识图谱开放API（据人民文学出版社《杜甫全集校注》）,https://open.cnkgraph.com/api/Writing/31189,古籍文献知识图谱开放API（据人民文学出版社《杜甫全集校注》）,https://open.cnkgraph.com/api/Writing/31189,B,public_web,历史审核记录迁移；仅保留短引与题录,0.95,0.807,legacy_review_migration_v1,,,approved,legacy_import,Migrated from verified_poem_contexts.csv,2026-07-14T02:12:34+00:00
a9253cb07e9b78689667cf9bd4cf1d894285d7540321e4728f4c486bafd79359,杜甫,登岳阳楼,唐,composition_place,"{""historical_place"":""岳阳楼"",""lat"":29.363262,""lon"":113.135679,""modern_place"":""岳阳市"",""province"":""湖南省""}",API年谱条目标注768年登岳阳楼览洞庭而作。,legacy:a928c5bbbc1486003a1f,古籍文献知识图谱开放API（据人民文学出版社《杜甫全集校注》）,https://open.cnkgraph.com/api/Writing/31189,古籍文献知识图谱开放API（据人民文学出版社《杜甫全集校注》）,https://open.cnkgraph.com/api/Writing/31189,B,public_web,历史审核记录迁移；仅保留短引与题录,0.95,0.807,legacy_review_migration_v1,,,approved,legacy_import,Migrated from verified_poem_contexts.csv,2026-07-14T02:12:34+00:00
9f5d470997ceade68ff2a08ee98949d840c35eaa7968ea747570d037803e344b,白居易,长恨歌,唐,composition_date,"{""precision"":""year"",""year_end"":806,""year_start"":806}",API年谱条目标注806年十二月与陈鸿和王质夫游仙游寺后作诗。,legacy:338564e8d87f25cf37f7,古籍文献知识图谱开放API（据朱金城《白居易年谱》）,https://open.cnkgraph.com/api/Writing/14415,古籍文献知识图谱开放API（据朱金城《白居易年谱》）,https://open.cnkgraph.com/api/Writing/14415,B,public_web,历史审核记录迁移；仅保留短引与题录,0.95,0.807,legacy_review_migration_v1,,,approved,legacy_import,Migrated from verified_poem_contexts.csv,2026-07-14T02:12:34+00:00
2765d45227550faf1fc54b543ca3042d254d8a1578b12002ece4635d854bc88b,白居易,长恨歌,唐,composition_place,"{""historical_place"":""盩厔仙游寺"",""lat"":34.169587,""lon"":108.228551,""modern_place"":""西安市周至县"",""province"":""陕西省""}",API年谱条目标注806年十二月与陈鸿和王质夫游仙游寺后作诗。,legacy:338564e8d87f25cf37f7,古籍文献知识图谱开放API（据朱金城《白居易年谱》）,https://open.cnkgraph.com/api/Writing/14415,古籍文献知识图谱开放API（据朱金城《白居易年谱》）,https://open.cnkgraph.com/api/Writing/14415,B,public_web,历史审核记录迁移；仅保留短引与题录,0.95,0.807,legacy_review_migration_v1,,,approved,legacy_import,Migrated from verified_poem_contexts.csv,2026-07-14T02:12:34+00:00
74336349310b6d91c9101886ebf98b94ee0c00e32ae5292d2548a8a09539c527,白居易,观刈麦,唐,composition_date,"{""precision"":""year"",""year_end"":807,""year_start"":807}",API年谱条目标注807年任盩厔县尉期间观刈麦作诗。,legacy:9d07648cb34016cbf73d,古籍文献知识图谱开放API（据朱金城《白居易年谱》）,https://open.cnkgraph.com/api/Writing/14587,古籍文献知识图谱开放API（据朱金城《白居易年谱》）,https://open.cnkgraph.com/api/Writing/14587,B,public_web,历史审核记录迁移；仅保留短引与题录,0.95,0.807,legacy_review_migration_v1,,,approved,legacy_import,Migrated from verified_poem_contexts.csv,2026-07-14T02:12:34+00:00
f2a93a44f10bebddb43e74fd9e6d4fc3a323193274ee5161dc0f622d1f000fb1,白居易,观刈麦,唐,composition_place,"{""historical_place"":""盩厔"",""lat"":34.169587,""lon"":108.228551,""modern_place"":""西安市周至县"",""province"":""陕西省""}",API年谱条目标注807年任盩厔县尉期间观刈麦作诗。,legacy:9d07648cb34016cbf73d,古籍文献知识图谱开放API（据朱金城《白居易年谱》）,https://open.cnkgraph.com/api/Writing/14587,古籍文献知识图谱开放API（据朱金城《白居易年谱》）,https://open.cnkgraph.com/api/Writing/14587,B,public_web,历史审核记录迁移；仅保留短引与题录,0.95,0.807,legacy_review_migration_v1,,,approved,legacy_import,Migrated from verified_poem_contexts.csv,2026-07-14T02:12:34+00:00
463a11ba5d5a6ae296f107b520d5d29c7dd8f575bb5bec32f9a3b44ae964fb1b,白居易,琵琶行,唐,composition_date,"{""precision"":""year"",""year_end"":816,""year_start"":816}",API年谱条目标注816年秋在江州送客湓浦口后作《琵琶行》。,legacy:3129c1301a500a0bfc92,古籍文献知识图谱开放API（据朱金城《白居易年谱》及作品序）,https://open.cnkgraph.com/api/Writing/15104,古籍文献知识图谱开放API（据朱金城《白居易年谱》及作品序）,https://open.cnkgraph.com/api/Writing/15104,A,public_web,历史审核记录迁移；仅保留短引与题录,0.95,0.902,legacy_review_migration_v1,,,approved,legacy_import,Migrated from verified_poem_contexts.csv,2026-07-14T02:12:34+00:00
33628cb68e91a17e4973e0fb5f00c89d0dde6b6b13e55742eb7cd20082e35f03,白居易,琵琶行,唐,composition_place,"{""historical_place"":""江州湓浦口"",""lat"":29.711328,""lon"":116.007993,""modern_place"":""九江市"",""province"":""江西省""}",API年谱条目标注816年秋在江州送客湓浦口后作《琵琶行》。,legacy:3129c1301a500a0bfc92,古籍文献知识图谱开放API（据朱金城《白居易年谱》及作品序）,https://open.cnkgraph.com/api/Writing/15104,古籍文献知识图谱开放API（据朱金城《白居易年谱》及作品序）,https://open.cnkgraph.com/api/Writing/15104,A,public_web,历史审核记录迁移；仅保留短引与题录,0.95,0.902,legacy_review_migration_v1,,,approved,legacy_import,Migrated from verified_poem_contexts.csv,2026-07-14T02:12:34+00:00
ec8b7db69895e116b11f1bb6267041ea118e59d07266b1dbcdc30aaab3c2da02,白居易,夜雪,唐,composition_date,"{""precision"":""year"",""year_end"":816,""year_start"":816}",API年谱条目标注816年在江州赏夜雪而作。,legacy:0e73b329f5159c4acdcb,古籍文献知识图谱开放API（据朱金城《白居易年谱》）,https://open.cnkgraph.com/api/Writing/14745,古籍文献知识图谱开放API（据朱金城《白居易年谱》）,https://open.cnkgraph.com/api/Writing/14745,B,public_web,历史审核记录迁移；仅保留短引与题录,0.95,0.807,legacy_review_migration_v1,,,approved,legacy_import,Migrated from verified_poem_contexts.csv,2026-07-14T02:12:34+00:00
78811519f01ffd7b0e4f2bf5e4d9424a9cf9e701f233f4c58186557aa20fa50f,白居易,夜雪,唐,composition_place,"{""historical_place"":""江州"",""lat"":29.711328,""lon"":116.007993,""modern_place"":""九江市"",""province"":""江西省""}",API年谱条目标注816年在江州赏夜雪而作。,legacy:0e73b329f5159c4acdcb,古籍文献知识图谱开放API（据朱金城《白居易年谱》）,https://open.cnkgraph.com/api/Writing/14745,古籍文献知识图谱开放API（据朱金城《白居易年谱》）,https://open.cnkgraph.com/api/Writing/14745,B,public_web,历史审核记录迁移；仅保留短引与题录,0.95,0.807,legacy_review_migration_v1,,,approved,legacy_import,Migrated from verified_poem_contexts.csv,2026-07-14T02:12:34+00:00
ce82047d4f5db89639439dbf0970f2be2d04122bcc7c48acd90ee55c0b738ce6,白居易,大林寺桃花,唐,composition_date,"{""precision"":""year"",""year_end"":817,""year_start"":817}",API年谱条目标注817年游庐山大林寺赏桃花作诗。,legacy:e9ad22db2dcf5a7523fc,古籍文献知识图谱开放API（据朱金城《白居易年谱》）,https://open.cnkgraph.com/api/Writing/12410,古籍文献知识图谱开放API（据朱金城《白居易年谱》）,https://open.cnkgraph.com/api/Writing/12410,B,public_web,历史审核记录迁移；仅保留短引与题录,0.95,0.807,legacy_review_migration_v1,,,approved,legacy_import,Migrated from verified_poem_contexts.csv,2026-07-14T02:12:34+00:00
7e9be9a2aba1bed5346af80b807a5fd96a53f790f1ac29ab77288e1c91cf09f2,白居易,大林寺桃花,唐,composition_place,"{""historical_place"":""庐山大林寺"",""lat"":29.349474,""lon"":115.718453,""modern_place"":""九江市"",""province"":""江西省""}",API年谱条目标注817年游庐山大林寺赏桃花作诗。,legacy:e9ad22db2dcf5a7523fc,古籍文献知识图谱开放API（据朱金城《白居易年谱》）,https://open.cnkgraph.com/api/Writing/12410,古籍文献知识图谱开放API（据朱金城《白居易年谱》）,https://open.cnkgraph.com/api/Writing/12410,B,public_web,历史审核记录迁移；仅保留短引与题录,0.95,0.807,legacy_review_migration_v1,,,approved,legacy_import,Migrated from verified_poem_contexts.csv,2026-07-14T02:12:34+00:00
5d3f1f128f6c54e8a6636c6ae787503a9970d0458f12aa7f7487622d8d71f064,苏轼,饮湖上初晴后雨,宋,composition_date,"{""precision"":""year"",""year_end"":1073,""year_start"":1073}",API年谱条目标注1073年任杭州通判时饮湖上遇初晴后雨作诗二首；当前语料收录代表篇。,legacy:08ac86e733cd20d3bfb5,古籍文献知识图谱开放API（据《苏轼全集校注》）,https://open.cnkgraph.com/api/Writing/134580,古籍文献知识图谱开放API（据《苏轼全集校注》）,https://open.cnkgraph.com/api/Writing/134580,B,public_web,历史审核记录迁移；仅保留短引与题录,0.95,0.807,legacy_review_migration_v1,,,approved,legacy_import,Migrated from verified_poem_contexts.csv,2026-07-14T02:12:34+00:00
d9ab9d30e378cb28bfa111b0be4b27901a93cd96ea6af9cbd71a26c9aa4421a2,苏轼,饮湖上初晴后雨,宋,composition_place,"{""historical_place"":""钱塘西湖"",""lat"":30.251772,""lon"":120.139058,""modern_place"":""杭州市"",""province"":""浙江省""}",API年谱条目标注1073年任杭州通判时饮湖上遇初晴后雨作诗二首；当前语料收录代表篇。,legacy:08ac86e733cd20d3bfb5,古籍文献知识图谱开放API（据《苏轼全集校注》）,https://open.cnkgraph.com/api/Writing/134580,古籍文献知识图谱开放API（据《苏轼全集校注》）,https://open.cnkgraph.com/api/Writing/134580,B,public_web,历史审核记录迁移；仅保留短引与题录,0.95,0.807,legacy_review_migration_v1,,,approved,legacy_import,Migrated from verified_poem_contexts.csv,2026-07-14T02:12:34+00:00
16f2c4ad793ee8de4254659dbddf80e0cbf3d4cf0b64b828d1f5dfe248b8791c,苏轼,水调歌头·明月几时有,宋,composition_date,"{""precision"":""year"",""year_end"":1076,""year_start"":1076}",API年谱条目标注1076年八月十五日在诸城超然台饮酒并作词怀子由。,legacy:7f3faefb329ae57fdf2f,古籍文献知识图谱开放API（据孔凡礼《三苏年谱》）,https://open.cnkgraph.com/api/Writing/352030,古籍文献知识图谱开放API（据孔凡礼《三苏年谱》）,https://open.cnkgraph.com/api/Writing/352030,B,public_web,历史审核记录迁移；仅保留短引与题录,0.95,0.807,legacy_review_migration_v1,,,approved,legacy_import,Migrated from verified_poem_contexts.csv,2026-07-14T02:12:34+00:00
d23c3e59823a12d5372adcfd66f99ea7ce12b70948ba12f5916abe29fa10c4b4,苏轼,水调歌头·明月几时有,宋,composition_place,"{""historical_place"":""密州超然台"",""lat"":36.004748,""lon"":119.416435,""modern_place"":""潍坊市诸城市"",""province"":""山东省""}",API年谱条目标注1076年八月十五日在诸城超然台饮酒并作词怀子由。,legacy:7f3faefb329ae57fdf2f,古籍文献知识图谱开放API（据孔凡礼《三苏年谱》）,https://open.cnkgraph.com/api/Writing/352030,古籍文献知识图谱开放API（据孔凡礼《三苏年谱》）,https://open.cnkgraph.com/api/Writing/352030,B,public_web,历史审核记录迁移；仅保留短引与题录,0.95,0.807,legacy_review_migration_v1,,,approved,legacy_import,Migrated from verified_poem_contexts.csv,2026-07-14T02:12:34+00:00
957a22d4f5fe552ba210618410c8112284149906cb9e0577b354a2347442a65d,苏轼,望江南·超然台作,宋,composition_date,"{""precision"":""year"",""year_end"":1076,""year_start"":1076}",API年谱条目标注1076年寒食后登诸城超然台作词。,legacy:f6f9acf47550f2fee5d8,古籍文献知识图谱开放API（据孔凡礼《三苏年谱》）,https://open.cnkgraph.com/api/Writing/352026,古籍文献知识图谱开放API（据孔凡礼《三苏年谱》）,https://open.cnkgraph.com/api/Writing/352026,B,public_web,历史审核记录迁移；仅保留短引与题录,0.95,0.807,legacy_review_migration_v1,,,approved,legacy_import,Migrated from verified_poem_contexts.csv,2026-07-14T02:12:34+00:00
cfdfb57c5a9f6759a83b81eaa743bd1516780588b39573b259a53eae82d2157d,苏轼,望江南·超然台作,宋,composition_place,"{""historical_place"":""密州超然台"",""lat"":36.004748,""lon"":119.416435,""modern_place"":""潍坊市诸城市"",""province"":""山东省""}",API年谱条目标注1076年寒食后登诸城超然台作词。,legacy:f6f9acf47550f2fee5d8,古籍文献知识图谱开放API（据孔凡礼《三苏年谱》）,https://open.cnkgraph.com/api/Writing/352026,古籍文献知识图谱开放API（据孔凡礼《三苏年谱》）,https://open.cnkgraph.com/api/Writing/352026,B,public_web,历史审核记录迁移；仅保留短引与题录,0.95,0.807,legacy_review_migration_v1,,,approved,legacy_import,Migrated from verified_poem_contexts.csv,2026-07-14T02:12:34+00:00
05d70d40a1e914db86e7c07af253f99c60fdcd5f38da4d7304b1f9817753c83b,苏轼,卜算子·黄州定慧院寓居作,宋,composition_date,"{""precision"":""year"",""year_end"":1080,""year_start"":1080}",API年谱条目标注1080年任黄州团练副使期间在黄冈作此词。,legacy:eabba233faf8baf25dbf,古籍文献知识图谱开放API（据孔凡礼《三苏年谱》）,https://open.cnkgraph.com/api/Writing/352114,古籍文献知识图谱开放API（据孔凡礼《三苏年谱》）,https://open.cnkgraph.com/api/Writing/352114,B,public_web,历史审核记录迁移；仅保留短引与题录,0.95,0.807,legacy_review_migration_v1,,,approved,legacy_import,Migrated from verified_poem_contexts.csv,2026-07-14T02:12:34+00:00
0166e09e6b88885a0bf684db5e6345c1d61919a5be2fae74d9ca41dd1a7e290b,苏轼,卜算子·黄州定慧院寓居作,宋,composition_place,"{""historical_place"":""黄州定慧院"",""lat"":30.459422,""lon"":114.878872,""modern_place"":""黄冈市"",""province"":""湖北省""}",API年谱条目标注1080年任黄州团练副使期间在黄冈作此词。,legacy:eabba233faf8baf25dbf,古籍文献知识图谱开放API（据孔凡礼《三苏年谱》）,https://open.cnkgraph.com/api/Writing/352114,古籍文献知识图谱开放API（据孔凡礼《三苏年谱》）,https://open.cnkgraph.com/api/Writing/352114,B,public_web,历史审核记录迁移；仅保留短引与题录,0.95,0.807,legacy_review_migration_v1,,,approved,legacy_import,Migrated from verified_poem_contexts.csv,2026-07-14T02:12:34+00:00
55aa10ebaeeadc3bafe5030a063530b86fe7bd697d69ded4189d99572d07ea42,苏轼,定风波·莫听穿林打叶声,宋,composition_date,"{""precision"":""year"",""year_end"":1082,""year_start"":1082}",API年谱条目与词序共同标注1082年三月七日往沙湖途中遇雨而作。,legacy:fa11756340dbc3ba7465,古籍文献知识图谱开放API（据孔凡礼《三苏年谱》及作品序）,https://open.cnkgraph.com/api/Writing/352093,古籍文献知识图谱开放API（据孔凡礼《三苏年谱》及作品序）,https://open.cnkgraph.com/api/Writing/352093,A,public_web,历史审核记录迁移；仅保留短引与题录,0.95,0.902,legacy_review_migration_v1,,,approved,legacy_import,Migrated from verified_poem_contexts.csv,2026-07-14T02:12:34+00:00
e5781b4538b3a4f0d0bc7d94595836069d5e2c7ed3f121f9094917f6b772941d,苏轼,定风波·莫听穿林打叶声,宋,composition_place,"{""historical_place"":""黄州沙湖道中"",""lat"":30.459422,""lon"":114.878872,""modern_place"":""黄冈市"",""province"":""湖北省""}",API年谱条目与词序共同标注1082年三月七日往沙湖途中遇雨而作。,legacy:fa11756340dbc3ba7465,古籍文献知识图谱开放API（据孔凡礼《三苏年谱》及作品序）,https://open.cnkgraph.com/api/Writing/352093,古籍文献知识图谱开放API（据孔凡礼《三苏年谱》及作品序）,https://open.cnkgraph.com/api/Writing/352093,A,public_web,历史审核记录迁移；仅保留短引与题录,0.95,0.902,legacy_review_migration_v1,,,approved,legacy_import,Migrated from verified_poem_contexts.csv,2026-07-14T02:12:34+00:00
3a98307ed886bbf7798fc362c1c042d44c9f04d7b45ffe8aca086f4928ecef72,苏轼,赤壁赋,宋,composition_date,"{""precision"":""year"",""year_end"":1082,""year_start"":1082}",API年谱条目标注1082年七月十八日在黄冈泛舟赤壁并作前《赤壁赋》。,legacy:45027d3534a91c637300,古籍文献知识图谱开放API（据孔凡礼《三苏年谱》与《苏轼全集校注》）,https://open.cnkgraph.com/api/Writing/1185969,古籍文献知识图谱开放API（据孔凡礼《三苏年谱》与《苏轼全集校注》）,https://open.cnkgraph.com/api/Writing/1185969,B,public_web,历史审核记录迁移；仅保留短引与题录,0.95,0.807,legacy_review_migration_v1,,,approved,legacy_import,Migrated from verified_poem_contexts.csv,2026-07-14T02:12:34+00:00
944f5c0f6ab0da2d59fd83af4f148cabeba170483e3551d1ccee819aef624121,苏轼,赤壁赋,宋,composition_place,"{""historical_place"":""黄州赤壁"",""lat"":30.459422,""lon"":114.878872,""modern_place"":""黄冈市"",""province"":""湖北省""}",API年谱条目标注1082年七月十八日在黄冈泛舟赤壁并作前《赤壁赋》。,legacy:45027d3534a91c637300,古籍文献知识图谱开放API（据孔凡礼《三苏年谱》与《苏轼全集校注》）,https://open.cnkgraph.com/api/Writing/1185969,古籍文献知识图谱开放API（据孔凡礼《三苏年谱》与《苏轼全集校注》）,https://open.cnkgraph.com/api/Writing/1185969,B,public_web,历史审核记录迁移；仅保留短引与题录,0.95,0.807,legacy_review_migration_v1,,,approved,legacy_import,Migrated from verified_poem_contexts.csv,2026-07-14T02:12:34+00:00
0b1c5ac647f2924242740c61ebd3ff84f12c8c7d3a734cbae4395092eb690c41,苏轼,念奴娇·赤壁怀古,宋,composition_date,"{""precision"":""year"",""year_end"":1082,""year_start"":1082}",API年谱条目标注1082年七月在黄冈赤壁怀古作词。,legacy:e2742d1d03965dd552af,古籍文献知识图谱开放API（据孔凡礼《三苏年谱》与《苏轼全集校注》）,https://open.cnkgraph.com/api/Writing/352102,古籍文献知识图谱开放API（据孔凡礼《三苏年谱》与《苏轼全集校注》）,https://open.cnkgraph.com/api/Writing/352102,B,public_web,历史审核记录迁移；仅保留短引与题录,0.95,0.807,legacy_review_migration_v1,,,approved,legacy_import,Migrated from verified_poem_contexts.csv,2026-07-14T02:12:34+00:00
fded9c41d2919ab56082282789acbbb8e8a186c3ca8e8bd4d07c222f516a3c42,苏轼,念奴娇·赤壁怀古,宋,composition_place,"{""historical_place"":""黄州赤壁"",""lat"":30.459422,""lon"":114.878872,""modern_place"":""黄冈市"",""province"":""湖北省""}",API年谱条目标注1082年七月在黄冈赤壁怀古作词。,legacy:e2742d1d03965dd552af,古籍文献知识图谱开放API（据孔凡礼《三苏年谱》与《苏轼全集校注》）,https://open.cnkgraph.com/api/Writing/352102,古籍文献知识图谱开放API（据孔凡礼《三苏年谱》与《苏轼全集校注》）,https://open.cnkgraph.com/api/Writing/352102,B,public_web,历史审核记录迁移；仅保留短引与题录,0.95,0.807,legacy_review_migration_v1,,,approved,legacy_import,Migrated from verified_poem_contexts.csv,2026-07-14T02:12:34+00:00
52d789684b3509430aec7b58dbb40a9b9194fce829c03918a05e072c84917750,苏轼,浣溪沙·游蕲水清泉寺,宋,composition_date,"{""precision"":""year"",""year_end"":1082,""year_start"":1082}",API年谱条目标注1082年至蕲水与庞安时游清泉寺作词；坐标采用浠水县展示点。,legacy:f2a901552d44f444ee0f,古籍文献知识图谱开放API（据孔凡礼《三苏年谱》）,https://open.cnkgraph.com/api/Writing/352094,古籍文献知识图谱开放API（据孔凡礼《三苏年谱》）,https://open.cnkgraph.com/api/Writing/352094,B,public_web,历史审核记录迁移；仅保留短引与题录,0.95,0.807,legacy_review_migration_v1,,,approved,legacy_import,Migrated from verified_poem_contexts.csv,2026-07-14T02:12:34+00:00
6f8380ee9becfc0e5c8760e0ed4c8c90df373462e0bab2b8069d2effa3e3275a,苏轼,浣溪沙·游蕲水清泉寺,宋,composition_place,"{""historical_place"":""蕲水清泉寺"",""lat"":30.452,""lon"":115.265,""modern_place"":""黄冈市"",""province"":""湖北省""}",API年谱条目标注1082年至蕲水与庞安时游清泉寺作词；坐标采用浠水县展示点。,legacy:f2a901552d44f444ee0f,古籍文献知识图谱开放API（据孔凡礼《三苏年谱》）,https://open.cnkgraph.com/api/Writing/352094,古籍文献知识图谱开放API（据孔凡礼《三苏年谱》）,https://open.cnkgraph.com/api/Writing/352094,B,public_web,历史审核记录迁移；仅保留短引与题录,0.95,0.807,legacy_review_migration_v1,,,approved,legacy_import,Migrated from verified_poem_contexts.csv,2026-07-14T02:12:34+00:00
658b9b72357ea2bfb0a1bb2dfbbcd79e90f225cd6bcaac4887685fab70b9bef2,苏轼,临江仙·夜归临皋,宋,composition_date,"{""precision"":""year"",""year_end"":1082,""year_start"":1082}",API年谱条目标注1082年九月在黄冈夜归临皋作词。,legacy:49531e74b3151e26939b,古籍文献知识图谱开放API（据《苏轼全集校注》）,https://open.cnkgraph.com/api/Writing/352105,古籍文献知识图谱开放API（据《苏轼全集校注》）,https://open.cnkgraph.com/api/Writing/352105,B,public_web,历史审核记录迁移；仅保留短引与题录,0.95,0.807,legacy_review_migration_v1,,,approved,legacy_import,Migrated from verified_poem_contexts.csv,2026-07-14T02:12:34+00:00
37503c7b93dd2b29d3891474379960b8b96f4f91a78c20b4100216a2ed797c24,苏轼,临江仙·夜归临皋,宋,composition_place,"{""historical_place"":""黄州临皋亭"",""lat"":30.459422,""lon"":114.878872,""modern_place"":""黄冈市"",""province"":""湖北省""}",API年谱条目标注1082年九月在黄冈夜归临皋作词。,legacy:49531e74b3151e26939b,古籍文献知识图谱开放API（据《苏轼全集校注》）,https://open.cnkgraph.com/api/Writing/352105,古籍文献知识图谱开放API（据《苏轼全集校注》）,https://open.cnkgraph.com/api/Writing/352105,B,public_web,历史审核记录迁移；仅保留短引与题录,0.95,0.807,legacy_review_migration_v1,,,approved,legacy_import,Migrated from verified_poem_contexts.csv,2026-07-14T02:12:34+00:00
a354dbe77c24d7a579e7342f63d6d37227fb58f75a860592677dfcae1e541587,苏轼,题西林壁,宋,composition_date,"{""precision"":""year"",""year_end"":1084,""year_start"":1084}",API年谱条目标注1084年赴汝州途中往来庐山并题西林壁。,legacy:9f417d345224b701e60f,古籍文献知识图谱开放API（据孔凡礼《三苏年谱》）,https://open.cnkgraph.com/api/Writing/135392,古籍文献知识图谱开放API（据孔凡礼《三苏年谱》）,https://open.cnkgraph.com/api/Writing/135392,B,public_web,历史审核记录迁移；仅保留短引与题录,0.95,0.807,legacy_review_migration_v1,,,approved,legacy_import,Migrated from verified_poem_contexts.csv,2026-07-14T02:12:34+00:00
db0d30061bb12d3d0bab08aec28aa2c3476205c8fa613b1cb61ddf2b67347547,苏轼,题西林壁,宋,composition_place,"{""historical_place"":""庐山西林寺"",""lat"":29.711328,""lon"":116.007993,""modern_place"":""九江市"",""province"":""江西省""}",API年谱条目标注1084年赴汝州途中往来庐山并题西林壁。,legacy:9f417d345224b701e60f,古籍文献知识图谱开放API（据孔凡礼《三苏年谱》）,https://open.cnkgraph.com/api/Writing/135392,古籍文献知识图谱开放API（据孔凡礼《三苏年谱》）,https://open.cnkgraph.com/api/Writing/135392,B,public_web,历史审核记录迁移；仅保留短引与题录,0.95,0.807,legacy_review_migration_v1,,,approved,legacy_import,Migrated from verified_poem_contexts.csv,2026-07-14T02:12:34+00:00
f52ec1a0a8676f82751eb15fce55689f131649f729247021b967d2cf3b7801cc,陆游,钗头凤·红酥手,宋,composition_date,"{""precision"":""range"",""year_end"":1155,""year_start"":1151}",资料对1151或1155年及其间编年存在分歧，作地均指向沈园，故保留区间并列C级。,legacy:8cc80e36edb81d6e2183,古籍文献知识图谱开放API（据于北山《陆游年谱》及《放翁词校注》）,https://open.cnkgraph.com/api/Writing/152562,古籍文献知识图谱开放API（据于北山《陆游年谱》及《放翁词校注》）,https://open.cnkgraph.com/api/Writing/152562,C,public_web,历史审核记录迁移；仅保留短引与题录,0.95,0.617,legacy_review_migration_v1,,,approved,legacy_import,Migrated from verified_poem_contexts.csv,2026-07-14T02:12:34+00:00
4214954173ca83d817be662a621f7a87d1909c41e7c406086a444c3f5c4bff84,陆游,钗头凤·红酥手,宋,composition_place,"{""historical_place"":""越州沈园"",""lat"":29.996702,""lon"":120.596447,""modern_place"":""绍兴市"",""province"":""浙江省""}",资料对1151或1155年及其间编年存在分歧，作地均指向沈园，故保留区间并列C级。,legacy:8cc80e36edb81d6e2183,古籍文献知识图谱开放API（据于北山《陆游年谱》及《放翁词校注》）,https://open.cnkgraph.com/api/Writing/152562,古籍文献知识图谱开放API（据于北山《陆游年谱》及《放翁词校注》）,https://open.cnkgraph.com/api/Writing/152562,C,public_web,历史审核记录迁移；仅保留短引与题录,0.95,0.617,legacy_review_migration_v1,,,approved,legacy_import,Migrated from verified_poem_contexts.csv,2026-07-14T02:12:34+00:00
f20df0106eaae2dd6bcd927744d4caa32e2a688d0db58672a6ab7991608f270c,陆游,游山西村,宋,composition_date,"{""precision"":""year"",""year_end"":1167,""year_start"":1167}",API年谱条目标注1167年乡居故里时作诗；月份为研究者姑系，不用于本项目年度统计。,legacy:51faa62157dbba863c31,古籍文献知识图谱开放API（据钱仲联《剑南诗稿校注》）,https://open.cnkgraph.com/api/Writing/149430,古籍文献知识图谱开放API（据钱仲联《剑南诗稿校注》）,https://open.cnkgraph.com/api/Writing/149430,B,public_web,历史审核记录迁移；仅保留短引与题录,0.95,0.807,legacy_review_migration_v1,,,approved,legacy_import,Migrated from verified_poem_contexts.csv,2026-07-14T02:12:34+00:00
5af583bef9b291ceaf7a3757367b0e5024114b24f7cc3b1d7895790c5958a285,陆游,游山西村,宋,composition_place,"{""historical_place"":""山阴山西村"",""lat"":29.9952,""lon"":120.588427,""modern_place"":""绍兴市"",""province"":""浙江省""}",API年谱条目标注1167年乡居故里时作诗；月份为研究者姑系，不用于本项目年度统计。,legacy:51faa62157dbba863c31,古籍文献知识图谱开放API（据钱仲联《剑南诗稿校注》）,https://open.cnkgraph.com/api/Writing/149430,古籍文献知识图谱开放API（据钱仲联《剑南诗稿校注》）,https://open.cnkgraph.com/api/Writing/149430,B,public_web,历史审核记录迁移；仅保留短引与题录,0.95,0.807,legacy_review_migration_v1,,,approved,legacy_import,Migrated from verified_poem_contexts.csv,2026-07-14T02:12:34+00:00
05254067eb874e84e1836c539bba0f79e45cc0ad868517ac736678c70d95e743,陆游,剑门道中遇微雨,宋,composition_date,"{""precision"":""year"",""year_end"":1172,""year_start"":1172}",API年谱条目标注1172年十一月自南郑赴成都途中经剑门作诗。,legacy:07883e821f808322fb54,古籍文献知识图谱开放API（据钱仲联《剑南诗稿校注》）,https://open.cnkgraph.com/api/Writing/144403,古籍文献知识图谱开放API（据钱仲联《剑南诗稿校注》）,https://open.cnkgraph.com/api/Writing/144403,B,public_web,历史审核记录迁移；仅保留短引与题录,0.95,0.807,legacy_review_migration_v1,,,approved,legacy_import,Migrated from verified_poem_contexts.csv,2026-07-14T02:12:34+00:00
b6db99a79dcb0f932e960a65dade669af394606a2c9e79f69ffdff4d79cad255,陆游,剑门道中遇微雨,宋,composition_place,"{""historical_place"":""剑门"",""lat"":32.294266,""lon"":105.531838,""modern_place"":""广元市剑阁县"",""province"":""四川省""}",API年谱条目标注1172年十一月自南郑赴成都途中经剑门作诗。,legacy:07883e821f808322fb54,古籍文献知识图谱开放API（据钱仲联《剑南诗稿校注》）,https://open.cnkgraph.com/api/Writing/144403,古籍文献知识图谱开放API（据钱仲联《剑南诗稿校注》）,https://open.cnkgraph.com/api/Writing/144403,B,public_web,历史审核记录迁移；仅保留短引与题录,0.95,0.807,legacy_review_migration_v1,,,approved,legacy_import,Migrated from verified_poem_contexts.csv,2026-07-14T02:12:34+00:00
4965b5510e5289d58691555cbf40756c38ec2310f0e1914123ef11a45a25945d,陆游,金错刀行,宋,composition_date,"{""precision"":""year"",""year_end"":1173,""year_start"":1173}",API年谱条目标注1173年十月在嘉州任上作诗。,legacy:105b24d6e19712711a8c,古籍文献知识图谱开放API（据钱仲联《剑南诗稿校注》）,https://open.cnkgraph.com/api/Writing/151228,古籍文献知识图谱开放API（据钱仲联《剑南诗稿校注》）,https://open.cnkgraph.com/api/Writing/151228,B,public_web,历史审核记录迁移；仅保留短引与题录,0.95,0.807,legacy_review_migration_v1,,,approved,legacy_import,Migrated from verified_poem_contexts.csv,2026-07-14T02:12:34+00:00
65ce5a3a0cee9da033125535a8f7f3ce46c545943197e5c6b52bcd6201efd793,陆游,金错刀行,宋,composition_place,"{""historical_place"":""嘉州"",""lat"":29.561307,""lon"":103.767758,""modern_place"":""乐山市"",""province"":""四川省""}",API年谱条目标注1173年十月在嘉州任上作诗。,legacy:105b24d6e19712711a8c,古籍文献知识图谱开放API（据钱仲联《剑南诗稿校注》）,https://open.cnkgraph.com/api/Writing/151228,古籍文献知识图谱开放API（据钱仲联《剑南诗稿校注》）,https://open.cnkgraph.com/api/Writing/151228,B,public_web,历史审核记录迁移；仅保留短引与题录,0.95,0.807,legacy_review_migration_v1,,,approved,legacy_import,Migrated from verified_poem_contexts.csv,2026-07-14T02:12:34+00:00
96f2be1d974abb0325a5ef05dcaea8f007e52eac41bdaa999a5efe4fc45e9c00,陆游,关山月,宋,composition_date,"{""precision"":""year"",""year_end"":1177,""year_start"":1177}",API年谱条目标注1177年一月免官后居成都时作诗。,legacy:8c5713f1d90b945e8eb8,古籍文献知识图谱开放API（据钱仲联《剑南诗稿校注》）,https://open.cnkgraph.com/api/Writing/150574,古籍文献知识图谱开放API（据钱仲联《剑南诗稿校注》）,https://open.cnkgraph.com/api/Writing/150574,B,public_web,历史审核记录迁移；仅保留短引与题录,0.95,0.807,legacy_review_migration_v1,,,approved,legacy_import,Migrated from verified_poem_contexts.csv,2026-07-14T02:12:34+00:00
e56ceb018aad7e19060bf350cb1ffc6a69c4fe42f565aaa18c3af65edc06279d,陆游,关山月,宋,composition_place,"{""historical_place"":""成都"",""lat"":30.680959,""lon"":104.069363,""modern_place"":""成都市"",""province"":""四川省""}",API年谱条目标注1177年一月免官后居成都时作诗。,legacy:8c5713f1d90b945e8eb8,古籍文献知识图谱开放API（据钱仲联《剑南诗稿校注》）,https://open.cnkgraph.com/api/Writing/150574,古籍文献知识图谱开放API（据钱仲联《剑南诗稿校注》）,https://open.cnkgraph.com/api/Writing/150574,B,public_web,历史审核记录迁移；仅保留短引与题录,0.95,0.807,legacy_review_migration_v1,,,approved,legacy_import,Migrated from verified_poem_contexts.csv,2026-07-14T02:12:34+00:00
803cf7dc601752e35fc2dbac7fa01eba5a3c6ac9a70d41598216a9a888a3c8f8,陆游,临安春雨初霁,宋,composition_date,"{""precision"":""year"",""year_end"":1186,""year_start"":1186}",API年谱条目标注1186年赴严州任前在临安作诗。,legacy:4b8766cd15e44895c85f,古籍文献知识图谱开放API（据钱仲联《剑南诗稿校注》）,https://open.cnkgraph.com/api/Writing/147962,古籍文献知识图谱开放API（据钱仲联《剑南诗稿校注》）,https://open.cnkgraph.com/api/Writing/147962,B,public_web,历史审核记录迁移；仅保留短引与题录,0.95,0.807,legacy_review_migration_v1,,,approved,legacy_import,Migrated from verified_poem_contexts.csv,2026-07-14T02:12:34+00:00
7aaa0fac41280744e7caf6a77fbe542c5efdd7e77a4ca2efdf0fd29ac26e90b8,陆游,临安春雨初霁,宋,composition_place,"{""historical_place"":""临安"",""lat"":30.265924,""lon"":120.136699,""modern_place"":""杭州市"",""province"":""浙江省""}",API年谱条目标注1186年赴严州任前在临安作诗。,legacy:4b8766cd15e44895c85f,古籍文献知识图谱开放API（据钱仲联《剑南诗稿校注》）,https://open.cnkgraph.com/api/Writing/147962,古籍文献知识图谱开放API（据钱仲联《剑南诗稿校注》）,https://open.cnkgraph.com/api/Writing/147962,B,public_web,历史审核记录迁移；仅保留短引与题录,0.95,0.807,legacy_review_migration_v1,,,approved,legacy_import,Migrated from verified_poem_contexts.csv,2026-07-14T02:12:34+00:00
befa61cd54ea31f575d43a74d68a28ce72750959458411847f672b37fa50a041,陆游,书愤,宋,composition_date,"{""precision"":""year"",""year_end"":1186,""year_start"":1186}",当前语料所收为早岁那知世事艰篇；API年谱条目标注1186年三月在山阴作。,legacy:c8550772d4426179467f,古籍文献知识图谱开放API（据于北山《陆游年谱》与《剑南诗稿校注》）,https://open.cnkgraph.com/api/Writing/145900,古籍文献知识图谱开放API（据于北山《陆游年谱》与《剑南诗稿校注》）,https://open.cnkgraph.com/api/Writing/145900,B,public_web,历史审核记录迁移；仅保留短引与题录,0.95,0.807,legacy_review_migration_v1,,,approved,legacy_import,Migrated from verified_poem_contexts.csv,2026-07-14T02:12:34+00:00
a20c8b1b25a5200f84c990ff3eb79b74cbe6872d44fab1e136d96a0fbfc7b4c1,陆游,书愤,宋,composition_place,"{""historical_place"":""山阴"",""lat"":29.9952,""lon"":120.588427,""modern_place"":""绍兴市"",""province"":""浙江省""}",当前语料所收为早岁那知世事艰篇；API年谱条目标注1186年三月在山阴作。,legacy:c8550772d4426179467f,古籍文献知识图谱开放API（据于北山《陆游年谱》与《剑南诗稿校注》）,https://open.cnkgraph.com/api/Writing/145900,古籍文献知识图谱开放API（据于北山《陆游年谱》与《剑南诗稿校注》）,https://open.cnkgraph.com/api/Writing/145900,B,public_web,历史审核记录迁移；仅保留短引与题录,0.95,0.807,legacy_review_migration_v1,,,approved,legacy_import,Migrated from verified_poem_contexts.csv,2026-07-14T02:12:34+00:00
20a096a4b2cacda7ccb774c5a2f4d0106b50d2c7875bec5147f8975e8ebd3773,陆游,十一月四日风雨大作二首,宋,composition_date,"{""precision"":""year"",""year_end"":1192,""year_start"":1192}",API年谱条目标注1192年十一月四日在山阴作二首，当前语料按组诗标题收录。,legacy:eb4a5036c026c8d1895c,古籍文献知识图谱开放API（据于北山《陆游年谱》与《剑南诗稿校注》）,https://open.cnkgraph.com/api/Writing/143330,古籍文献知识图谱开放API（据于北山《陆游年谱》与《剑南诗稿校注》）,https://open.cnkgraph.com/api/Writing/143330,B,public_web,历史审核记录迁移；仅保留短引与题录,0.95,0.807,legacy_review_migration_v1,,,approved,legacy_import,Migrated from verified_poem_contexts.csv,2026-07-14T02:12:34+00:00
015ab744c570c6eab72297d8efcc32095732550c39342ee3c5d32bf78b55b765,陆游,十一月四日风雨大作二首,宋,composition_place,"{""historical_place"":""山阴"",""lat"":29.9952,""lon"":120.588427,""modern_place"":""绍兴市"",""province"":""浙江省""}",API年谱条目标注1192年十一月四日在山阴作二首，当前语料按组诗标题收录。,legacy:eb4a5036c026c8d1895c,古籍文献知识图谱开放API（据于北山《陆游年谱》与《剑南诗稿校注》）,https://open.cnkgraph.com/api/Writing/143330,古籍文献知识图谱开放API（据于北山《陆游年谱》与《剑南诗稿校注》）,https://open.cnkgraph.com/api/Writing/143330,B,public_web,历史审核记录迁移；仅保留短引与题录,0.95,0.807,legacy_review_migration_v1,,,approved,legacy_import,Migrated from verified_poem_contexts.csv,2026-07-14T02:12:34+00:00
4861f97aefb144cc6413773541e9e09c9d9edef1e566458fbbd3b76eef2bd5ec,陆游,示儿,宋,composition_date,"{""precision"":""year"",""year_end"":1209,""year_start"":1209}",当前语料所收为死去元知万事空篇；API年谱条目标注1209年十二月二十九日临终作。,legacy:745a4713f8ee2096c709,古籍文献知识图谱开放API（据于北山《陆游年谱》与《剑南诗稿校注》）,https://open.cnkgraph.com/api/Writing/143682,古籍文献知识图谱开放API（据于北山《陆游年谱》与《剑南诗稿校注》）,https://open.cnkgraph.com/api/Writing/143682,B,public_web,历史审核记录迁移；仅保留短引与题录,0.95,0.807,legacy_review_migration_v1,,,approved,legacy_import,Migrated from verified_poem_contexts.csv,2026-07-14T02:12:34+00:00
431a1066ac15e566efebaa3c2468bf51265023d4707d6df2287b3dcf3993bbfd,陆游,示儿,宋,composition_place,"{""historical_place"":""山阴"",""lat"":29.9952,""lon"":120.588427,""modern_place"":""绍兴市"",""province"":""浙江省""}",当前语料所收为死去元知万事空篇；API年谱条目标注1209年十二月二十九日临终作。,legacy:745a4713f8ee2096c709,古籍文献知识图谱开放API（据于北山《陆游年谱》与《剑南诗稿校注》）,https://open.cnkgraph.com/api/Writing/143682,古籍文献知识图谱开放API（据于北山《陆游年谱》与《剑南诗稿校注》）,https://open.cnkgraph.com/api/Writing/143682,B,public_web,历史审核记录迁移；仅保留短引与题录,0.95,0.807,legacy_review_migration_v1,,,approved,legacy_import,Migrated from verified_poem_contexts.csv,2026-07-14T02:12:34+00:00
a7e3b710965a10dc138521af0075b926a365daccd8cb9971666af43776ee5297,李清照,一剪梅·红藕香残玉簟秋,宋,composition_date,"{""precision"":""year"",""year_end"":1103,""year_start"":1103}",开封（1090年 - 1107年3月，7-24岁，作品：15）；1103年7月，赵明诚出游。有词送别，作品：《一剪梅》,cnkgraph:poet-life:李清照,cnkgraph 唐宋文学编年地图·李清照年历（据徐培均《李清照年谱》）,https://cnkgraph.com/Map/PoetLife?author=%E6%9D%8E%E6%B8%85%E7%85%A7,徐培均《李清照年谱》（CNKGraph人物年历转述）,李清照年历/1090、1103条目,B,public_web,既有公开缓存迁移；仅保留题录与必要短引,0.85,0.722,existing_cache_migration_v1,,,approved,existing_cache_migration,由已审核行旅节点人工映射；短题关联不作自动匹配，CNKGraph转述年谱按B级处理。,2026-07-22T01:38:39+00:00
a8bff908304c32640d1350768edc323ecb8d4e339d71adca4aaaa49c138701e3,李清照,一剪梅·红藕香残玉簟秋,宋,composition_place,"{""historical_place"":""东京开封府"",""lat"":34.797239,""lon"":114.307581,""modern_place"":""河南省开封市"",""province"":""河南省""}",开封（1090年 - 1107年3月，7-24岁，作品：15）；1103年7月，赵明诚出游。有词送别，作品：《一剪梅》,cnkgraph:poet-life:李清照,cnkgraph 唐宋文学编年地图·李清照年历（据徐培均《李清照年谱》）,https://cnkgraph.com/Map/PoetLife?author=%E6%9D%8E%E6%B8%85%E7%85%A7,徐培均《李清照年谱》（CNKGraph人物年历转述）,李清照年历/1090、1103条目,B,public_web,既有公开缓存迁移；仅保留题录与必要短引,0.85,0.722,existing_cache_migration_v1,,,approved,existing_cache_migration,由已审核行旅节点人工映射；短题关联不作自动匹配，CNKGraph转述年谱按B级处理。,2026-07-22T01:38:39+00:00
b34877b0bef1af4545807d1e78d7c23a41c9b8a1307012a014d7ff85146ea8e1,李清照,醉花阴·薄雾浓云愁永昼,宋,composition_date,"{""precision"":""year"",""year_end"":1108,""year_start"":1108}",益都（1108年 - 1121年，25-38岁，作品：13）；1108年9月9日，赵明诚游仰天山，清照有词思之，作品：《醉花阴》,cnkgraph:poet-life:李清照,cnkgraph 唐宋文学编年地图·李清照年历（据徐培均《李清照年谱》）,https://cnkgraph.com/Map/PoetLife?author=%E6%9D%8E%E6%B8%85%E7%85%A7,徐培均《李清照年谱》（CNKGraph人物年历转述）,李清照年历/1108条目,B,public_web,既有公开缓存迁移；仅保留题录与必要短引,0.85,0.722,existing_cache_migration_v1,,,approved,existing_cache_migration,由已审核行旅节点人工映射；短题关联不作自动匹配，CNKGraph转述年谱按B级处理。,2026-07-22T01:38:39+00:00
5fb7110335333fb3d2a3a40416484f63a868b5475bd9337677bbf72f64367106,李清照,醉花阴·薄雾浓云愁永昼,宋,composition_place,"{""historical_place"":""益都（青州）"",""lat"":36.6846,""lon"":118.479636,""modern_place"":""山东省青州市"",""province"":""山东省""}",益都（1108年 - 1121年，25-38岁，作品：13）；1108年9月9日，赵明诚游仰天山，清照有词思之，作品：《醉花阴》,cnkgraph:poet-life:李清照,cnkgraph 唐宋文学编年地图·李清照年历（据徐培均《李清照年谱》）,https://cnkgraph.com/Map/PoetLife?author=%E6%9D%8E%E6%B8%85%E7%85%A7,徐培均《李清照年谱》（CNKGraph人物年历转述）,李清照年历/1108条目,B,public_web,既有公开缓存迁移；仅保留题录与必要短引,0.85,0.722,existing_cache_migration_v1,,,approved,existing_cache_migration,由已审核行旅节点人工映射；短题关联不作自动匹配，CNKGraph转述年谱按B级处理。,2026-07-22T01:38:39+00:00
e024b4ecfe93baea565124ac29c28813bc5ff14ddba94ef85799e62fee51b262,李清照,凤凰台上忆吹箫·香冷金猊,宋,composition_date,"{""precision"":""year"",""year_end"":1109,""year_start"":1109}",益都（1108年 - 1121年，25-38岁，作品：13）；1109年9月13日，赵明诚出游，有词抒思念之情，作品：《凤凰台上忆吹箫》,cnkgraph:poet-life:李清照,cnkgraph 唐宋文学编年地图·李清照年历（据徐培均《李清照年谱》）,https://cnkgraph.com/Map/PoetLife?author=%E6%9D%8E%E6%B8%85%E7%85%A7,徐培均《李清照年谱》（CNKGraph人物年历转述）,李清照年历/1108、1109条目,B,public_web,既有公开缓存迁移；仅保留题录与必要短引,0.85,0.722,existing_cache_migration_v1,,,approved,existing_cache_migration,由已审核行旅节点人工映射；短题关联不作自动匹配，CNKGraph转述年谱按B级处理。,2026-07-22T01:38:39+00:00
3c1a2446055c10f1f8cf62baeb804130631b0f01ddb26f554787edc9e6a16763,李清照,凤凰台上忆吹箫·香冷金猊,宋,composition_place,"{""historical_place"":""益都（青州）"",""lat"":36.6846,""lon"":118.479636,""modern_place"":""山东省青州市"",""province"":""山东省""}",益都（1108年 - 1121年，25-38岁，作品：13）；1109年9月13日，赵明诚出游，有词抒思念之情，作品：《凤凰台上忆吹箫》,cnkgraph:poet-life:李清照,cnkgraph 唐宋文学编年地图·李清照年历（据徐培均《李清照年谱》）,https://cnkgraph.com/Map/PoetLife?author=%E6%9D%8E%E6%B8%85%E7%85%A7,徐培均《李清照年谱》（CNKGraph人物年历转述）,李清照年历/1108、1109条目,B,public_web,既有公开缓存迁移；仅保留题录与必要短引,0.85,0.722,existing_cache_migration_v1,,,approved,existing_cache_migration,由已审核行旅节点人工映射；短题关联不作自动匹配，CNKGraph转述年谱按B级处理。,2026-07-22T01:38:39+00:00
43c3d50585d4a8c18bb724de12514c32ad5c1114aa598fd9effaaa8279441307,李清照,蝶恋花·晚止昌乐馆寄姊妹,宋,composition_date,"{""precision"":""year"",""year_end"":1121,""year_start"":1121}",昌乐（1121年，38岁，作品：1）；1121年，秋，清照赴莱州途径昌乐，有词寄姊妹,cnkgraph:poet-life:李清照,cnkgraph 唐宋文学编年地图·李清照年历（据徐培均《李清照年谱》）,https://cnkgraph.com/Map/PoetLife?author=%E6%9D%8E%E6%B8%85%E7%85%A7,徐培均《李清照年谱》（CNKGraph人物年历转述）,李清照年历/1121昌乐条目,B,public_web,既有公开缓存迁移；仅保留题录与必要短引,0.85,0.722,existing_cache_migration_v1,,,approved,existing_cache_migration,由已审核行旅节点人工映射；短题关联不作自动匹配，CNKGraph转述年谱按B级处理。,2026-07-22T01:38:39+00:00
3753f2f39f5fefd42609924935db71f5a4b6389406186c6a9075545f887def21,李清照,蝶恋花·晚止昌乐馆寄姊妹,宋,composition_place,"{""historical_place"":""昌乐"",""lat"":36.706774,""lon"":118.829992,""modern_place"":""山东省昌乐县"",""province"":""山东省""}",昌乐（1121年，38岁，作品：1）；1121年，秋，清照赴莱州途径昌乐，有词寄姊妹,cnkgraph:poet-life:李清照,cnkgraph 唐宋文学编年地图·李清照年历（据徐培均《李清照年谱》）,https://cnkgraph.com/Map/PoetLife?author=%E6%9D%8E%E6%B8%85%E7%85%A7,徐培均《李清照年谱》（CNKGraph人物年历转述）,李清照年历/1121昌乐条目,B,public_web,既有公开缓存迁移；仅保留题录与必要短引,0.85,0.722,existing_cache_migration_v1,,,approved,existing_cache_migration,由已审核行旅节点人工映射；短题关联不作自动匹配，CNKGraph转述年谱按B级处理。,2026-07-22T01:38:39+00:00
53f3d9d2980e201df0529bb2d224fbcccbd23bb02e69d88d97c87b816459954c,李清照,声声慢·寻寻觅觅,宋,composition_date,"{""precision"":""year"",""year_end"":1147,""year_start"":1147}",1147年，居临安。有词《声声慢》写国破家亡晚年孀居之惨戚，作品：《声声慢》,cnkgraph:poet-life:李清照,cnkgraph 唐宋文学编年地图·李清照年历（据徐培均《李清照年谱》）,https://cnkgraph.com/Map/PoetLife?author=%E6%9D%8E%E6%B8%85%E7%85%A7,徐培均《李清照年谱》（CNKGraph人物年历转述）,李清照年历/1147条目,B,public_web,既有公开缓存迁移；仅保留题录与必要短引,0.85,0.722,existing_cache_migration_v1,,,approved,existing_cache_migration,由已审核行旅节点人工映射；短题关联不作自动匹配，CNKGraph转述年谱按B级处理。,2026-07-22T01:38:39+00:00
5c68f702af6e524b024a872d7c0d705920983a1215f869faa5fbd155cec758b5,李清照,声声慢·寻寻觅觅,宋,composition_place,"{""historical_place"":""临安"",""lat"":30.2741,""lon"":120.1551,""modern_place"":""浙江省杭州市"",""province"":""浙江省""}",1147年，居临安。有词《声声慢》写国破家亡晚年孀居之惨戚，作品：《声声慢》,cnkgraph:poet-life:李清照,cnkgraph 唐宋文学编年地图·李清照年历（据徐培均《李清照年谱》）,https://cnkgraph.com/Map/PoetLife?author=%E6%9D%8E%E6%B8%85%E7%85%A7,徐培均《李清照年谱》（CNKGraph人物年历转述）,李清照年历/1147条目,B,public_web,既有公开缓存迁移；仅保留题录与必要短引,0.85,0.722,existing_cache_migration_v1,,,approved,existing_cache_migration,由已审核行旅节点人工映射；短题关联不作自动匹配，CNKGraph转述年谱按B级处理。,2026-07-22T01:38:39+00:00
